partner_id,Partner_name,Vehicle_type,City
1,Mukesh Tiwari,Bike,Delhi
2,Amit Shukla,Bike,Kochi
3,Pawan Saxena,Bike,Mumbai
4,Yogesh Sinha,Bike,Mumbai
5,Manish Roy,Bike,Kochi
6,Sanjay Shah,Scooter,Kochi
7,Pawan Upadhyay,Scooter,Delhi
8,Vishal Singh,Scooter,Bangalore
9,Rakesh Sinha,Bike,Kolkata
10,Prakash Pillai,Scooter,Chennai
11,Rajesh Dwivedi,Scooter,Hyderabad
12,Umesh Gupta,Scooter,Mumbai
13,Prakash Raj,Scooter,Visakhapatnam
14,Varun Shukla,Scooter,Lucknow
15,Kamlesh Dwivedi,E-Scooter,Kanpur
16,Dinesh Joshi,Cycle,Pune
17,Vijay Upadhyay,Bike,Visakhapatnam
18,Naresh Mehta,Bike,Mumbai
19,Sanjay Saxena,Scooter,Lucknow
20,Manoj Kapoor,Scooter,Mumbai
21,Vivek Tripathi,Scooter,Lucknow
22,Naresh Ghosh,Scooter,Kochi
23,Kamlesh Sharma,E-Bike,Ahmedabad
24,Pritam Sharma,Bike,Jaipur
25,Arjun Upadhyay,E-Scooter,Bhopal
26,Rakesh Banerjee,E-Bike,Kanpur
27,Suresh Malhotra,Bike,Chandigarh
28,Sanjay Kapoor,Bike,Jaipur
29,Deepak Joshi,Bike,Visakhapatnam
30,Vijay Dubey,Scooter,Coimbatore
31,Pradeep Pandey,E-Bike,Coimbatore
32,Pradeep Sinha,E-Scooter,Nagpur
33,Vishal Tiwari,Bike,Bangalore
34,Vishal Shah,Bike,Kochi
35,Rohit Nair,Bike,Bangalore
36,Lokesh Shukla,Bike,Kochi
37,Mukesh Pandey,Scooter,Surat
38,Mohan Raj,Scooter,Coimbatore
39,Ramesh Mukherjee,Bike,Kolkata
40,Pritam Mukherjee,Bike,Mumbai
41,Sahil Mehta,Bike,Lucknow
42,Shyam Raj,Bike,Kochi
43,Manoj Shukla,Bike,Kanpur
44,Mohan Yadav,Bike,Hyderabad
45,Mohan Banerjee,Bike,Ahmedabad
46,Ganesh Chaturvedi,Bike,Kolkata
47,Kamlesh Chopra,Scooter,Mumbai
48,Manoj Gupta,Cycle,Ahmedabad
49,Pritam Dubey,Scooter,Hyderabad
50,Harish Chatterjee,Bike,Coimbatore
51,Suresh Srivastava,Bike,Mumbai
52,Sachin Nair,Scooter,Chennai
53,Ganesh Shah,Scooter,Surat
54,Naresh Shah,Scooter,Hyderabad
55,Rahul Mukherjee,Cycle,Pune
56,Nikhil Srivastava,Scooter,Patna
57,Suresh Reddy,Scooter,Hyderabad
58,Sachin Chaturvedi,E-Scooter,Bhopal
59,Kapil Ghosh,E-Scooter,Kanpur
60,Vijay Shah,Bike,Visakhapatnam
61,Nikhil Bose,Bike,Chandigarh
62,Mohan Kumar,Scooter,Kanpur
63,Arjun Verma,E-Bike,Kolkata
64,Santosh Rana,Scooter,Chennai
65,Yogesh Bose,Bike,Nagpur
66,Kamlesh Mukherjee,Cycle,Mumbai
67,Kapil Dubey,Bike,Bangalore
68,Suresh Tiwari,Scooter,Bhopal
69,Arjun Tiwari,Scooter,Chandigarh
70,Pritam Ghosh,Bike,Coimbatore
71,Deepak Yadav,Bike,Kolkata
72,Harish Pandey,Scooter,Hyderabad
73,Sahil Yadav,Bike,Jaipur
74,Ashok Joshi,Cycle,Lucknow
75,Ajay Shukla,Scooter,Bangalore
76,Pawan Ghosh,E-Bike,Kochi
77,Harish Sinha,E-Bike,Surat
78,Deepak Shukla,Bike,Surat
79,Suresh Mehta,Cycle,Chandigarh
80,Ravi Tiwari,Bike,Visakhapatnam
81,Mohan Mishra,Scooter,Lucknow
82,Varun Srivastava,Scooter,Visakhapatnam
83,Abhishek Gupta,E-Bike,Delhi
84,Rahul Rana,Bike,Kolkata
85,Ashok Mehta,Scooter,Mumbai
86,Mahesh Das,Scooter,Surat
87,Shyam Saxena,Bike,Ahmedabad
88,Mahesh Saxena,Scooter,Visakhapatnam
89,Sachin Srivastava,E-Bike,Ahmedabad
90,Manish Rana,E-Bike,Bangalore
91,Lokesh Mishra,Bike,Lucknow
92,Amit Joshi,Scooter,Hyderabad
93,Tarun Pillai,Cycle,Bangalore
94,Lalit Chatterjee,Bike,Bangalore
95,Kamlesh Shah,Cycle,Kolkata
96,Ramesh Kapoor,Bike,Pune
97,Arun Roy,E-Scooter,Nagpur
98,Naresh Sinha,Bike,Lucknow
99,Vijay Chatterjee,Bike,Coimbatore
100,Kamlesh Mehta,Cycle,Nagpur
101,Naresh Srivastava,Scooter,Surat
102,Amit Mishra,E-Scooter,Pune
103,Rajesh Verma,Bike,Delhi
104,Abhishek Chauhan,Bike,Bangalore
105,Yogesh Nair,Scooter,Coimbatore
106,Ashok Upadhyay,Scooter,Lucknow
107,Vijay Reddy,Bike,Chennai
108,Yogesh Sharma,Bike,Patna
109,Karan Verma,E-Bike,Mumbai
110,Shyam Shah,Bike,Kolkata
111,Kamlesh Kumar,Bike,Coimbatore
112,Lokesh Reddy,Scooter,Delhi
113,Harish Joshi,E-Scooter,Chennai
114,Ajay Raj,Bike,Jaipur
115,Karan Pillai,Scooter,Hyderabad
116,Rakesh Mehta,Scooter,Chennai
117,Pradeep Ghosh,E-Bike,Ahmedabad
118,Ankit Kumar,Bike,Surat
119,Ashok Chopra,Bike,Bhopal
120,Rajesh Roy,Scooter,Coimbatore
121,Ramesh Saxena,Bike,Hyderabad
122,Vishal Bose,Bike,Bangalore
123,Ramesh Ghosh,E-Scooter,Bangalore
124,Ravi Sharma,Scooter,Ahmedabad
125,Yogesh Dubey,Bike,Nagpur
126,Ashok Iyer,Scooter,Jaipur
127,Ankit Malhotra,Bike,Ahmedabad
128,Mahesh Kumar,Bike,Lucknow
129,Manish Das,Bike,Jaipur
130,Sahil Ghosh,Bike,Lucknow
131,Santosh Verma,Scooter,Surat
132,Arjun Rana,Bike,Patna
133,Vijay Nair,E-Bike,Bangalore
134,Ramesh Dwivedi,Bike,Patna
135,Dinesh Pillai,Scooter,Mumbai
136,Brijesh Srivastava,E-Bike,Bangalore
137,Tarun Chaturvedi,Bike,Lucknow
138,Kapil Kapoor,Bike,Chandigarh
139,Ankit Saxena,Scooter,Surat
140,Deepak Srivastava,Cycle,Kochi
141,Suresh Dwivedi,Cycle,Pune
142,Vijay Yadav,Bike,Kanpur
143,Rajesh Banerjee,E-Bike,Coimbatore
144,Pawan Yadav,Scooter,Pune
145,Vikram Nair,Bike,Mumbai
146,Sumit Saxena,E-Bike,Mumbai
147,Tarun Srivastava,Bike,Visakhapatnam
148,Ajay Sharma,E-Bike,Pune
149,Kapil Patel,Bike,Bhopal
150,Vikram Banerjee,Bike,Jaipur
151,Abhishek Singh,Scooter,Hyderabad
152,Amit Chaturvedi,Bike,Ahmedabad
153,Arjun Pillai,Scooter,Bangalore
154,Ravi Chopra,Bike,Ahmedabad
155,Varun Gupta,Scooter,Visakhapatnam
156,Rakesh Srivastava,Bike,Bhopal
157,Kamlesh Mishra,E-Scooter,Coimbatore
158,Nikhil Pillai,E-Scooter,Visakhapatnam
159,Suresh Iyer,Scooter,Surat
160,Mahesh Reddy,Bike,Hyderabad
161,Amit Dwivedi,Bike,Surat
162,Ajay Chatterjee,Bike,Surat
163,Pradeep Mishra,Cycle,Pune
164,Vikram Kapoor,Bike,Chennai
165,Ravi Kapoor,Scooter,Nagpur
166,Dinesh Tiwari,Scooter,Nagpur
167,Mukesh Mishra,E-Bike,Patna
168,Mukesh Bose,E-Bike,Kolkata
169,Nikhil Kumar,E-Bike,Jaipur
170,Amit Mukherjee,Bike,Kochi
171,Amit Chatterjee,E-Scooter,Ahmedabad
172,Pawan Reddy,Bike,Jaipur
173,Karan Tiwari,Bike,Ahmedabad
174,Yogesh Saxena,Bike,Kanpur
175,Yogesh Yadav,E-Bike,Nagpur
176,Manish Tripathi,Bike,Mumbai
177,Pawan Sinha,Scooter,Bangalore
178,Arjun Iyer,Scooter,Coimbatore
179,Deepak Dubey,Scooter,Lucknow
180,Rakesh Pillai,Bike,Ahmedabad
181,Ramesh Joshi,Bike,Coimbatore
182,Tarun Mukherjee,Bike,Chennai
183,Amit Patel,Scooter,Visakhapatnam
184,Manish Shah,Scooter,Lucknow
185,Vivek Mehta,Scooter,Coimbatore
186,Nikhil Joshi,Bike,Lucknow
187,Manish Verma,Bike,Kanpur
188,Ajay Upadhyay,Bike,Patna
189,Sumit Sinha,Bike,Surat
190,Sahil Banerjee,Bike,Delhi
191,Vikram Reddy,Scooter,Kanpur
192,Deepak Saxena,Scooter,Hyderabad
193,Rahul Banerjee,Bike,Bhopal
194,Yogesh Pillai,E-Bike,Patna
195,Deepak Singh,Scooter,Visakhapatnam
196,Brijesh Kapoor,Bike,Nagpur
197,Harish Malhotra,E-Scooter,Pune
198,Rajesh Shah,Bike,Surat
199,Kapil Malhotra,Bike,Delhi
200,Ravi Pandey,Bike,Delhi
201,Deepak Nair,Scooter,Indore
202,Sachin Mishra,Bike,Jaipur
203,Harish Dwivedi,Bike,Ahmedabad
204,Vishal Chaturvedi,Bike,Coimbatore
205,Dinesh Malhotra,Bike,Lucknow
206,Arjun Joshi,Scooter,Pune
207,Manish Joshi,Bike,Indore
208,Lalit Pillai,Bike,Hyderabad
209,Vikram Sinha,Bike,Pune
210,Tarun Roy,E-Scooter,Pune
211,Vikram Singh,Scooter,Indore
212,Umesh Mukherjee,Bike,Jaipur
213,Vikram Rana,Bike,Hyderabad
214,Vishal Malhotra,Bike,Jaipur
215,Rajesh Pathak,Scooter,Chennai
216,Vishal Kapoor,Scooter,Delhi
217,Shyam Tiwari,E-Scooter,Delhi
218,Lokesh Raj,Cycle,Chennai
219,Ramesh Mehta,E-Bike,Lucknow
220,Kapil Mishra,E-Scooter,Chennai
221,Naresh Rana,Bike,Surat
222,Sumit Malhotra,Bike,Nagpur
223,Umesh Bose,Scooter,Kolkata
224,Ravi Verma,Bike,Kanpur
225,Manish Patel,Bike,Jaipur
226,Yogesh Verma,Bike,Visakhapatnam
227,Nikhil Chatterjee,Scooter,Bhopal
228,Nikhil Das,Bike,Visakhapatnam
229,Suresh Sinha,Bike,Nagpur
230,Ankit Banerjee,Bike,Mumbai
231,Pawan Nair,Bike,Mumbai
232,Shyam Bose,Bike,Lucknow
233,Mohan Singh,Bike,Lucknow
234,Pradeep Pillai,Bike,Chandigarh
235,Karan Sharma,Bike,Pune
236,Rajesh Chopra,Cycle,Bhopal
237,Abhishek Banerjee,Cycle,Indore
238,Vikram Pandey,E-Scooter,Chennai
239,Ravi Pillai,E-Bike,Bangalore
240,Shyam Joshi,Bike,Lucknow
241,Kamlesh Chatterjee,Cycle,Chandigarh
242,Vijay Saxena,Bike,Chennai
243,Rahul Sinha,Bike,Delhi
244,Pritam Tripathi,Scooter,Chennai
245,Yogesh Gupta,E-Scooter,Ahmedabad
246,Mohan Verma,Bike,Indore
247,Vikram Mehta,Bike,Bangalore
248,Lokesh Malhotra,Scooter,Pune
249,Sumit Shukla,E-Bike,Kolkata
250,Abhishek Iyer,Bike,Kochi
251,Pradeep Chatterjee,Bike,Ahmedabad
252,Nikhil Mehta,Bike,Pune
253,Rahul Tiwari,Bike,Kochi
254,Ajay Joshi,Scooter,Pune
255,Arjun Gupta,Scooter,Delhi
256,Rajesh Kumar,Scooter,Pune
257,Mahesh Chatterjee,Bike,Jaipur
258,Vishal Mishra,Bike,Chandigarh
259,Brijesh Rana,E-Scooter,Kanpur
260,Ashok Chauhan,Scooter,Ahmedabad
261,Abhishek Kumar,Bike,Chandigarh
262,Lalit Pathak,Bike,Delhi
263,Manoj Singh,Bike,Ahmedabad
264,Ankit Chaturvedi,Cycle,Hyderabad
265,Ravi Das,Scooter,Kanpur
266,Rohit Pathak,Bike,Hyderabad
267,Ankit Kapoor,Scooter,Mumbai
268,Lokesh Gupta,Cycle,Coimbatore
269,Ramesh Reddy,Scooter,Jaipur
270,Dinesh Upadhyay,E-Bike,Indore
271,Lokesh Yadav,E-Bike,Kanpur
272,Sahil Kumar,Scooter,Chennai
273,Yogesh Mishra,E-Bike,Nagpur
274,Prakash Chatterjee,Scooter,Chennai
275,Deepak Kumar,Bike,Bangalore
276,Arjun Mukherjee,Bike,Chandigarh
277,Umesh Saxena,Bike,Kanpur
278,Rakesh Dubey,Scooter,Mumbai
279,Dinesh Pandey,E-Bike,Delhi
280,Pritam Das,Bike,Nagpur
281,Vijay Pathak,Scooter,Chennai
282,Karan Shah,Scooter,Chandigarh
283,Nikhil Chopra,Bike,Hyderabad
284,Ankit Mukherjee,E-Scooter,Chennai
285,Santosh Ghosh,Bike,Pune
286,Kapil Rana,Bike,Coimbatore
287,Vivek Singh,Scooter,Lucknow
288,Sanjay Banerjee,Scooter,Coimbatore
289,Arjun Sinha,Bike,Pune
290,Yogesh Banerjee,Scooter,Bhopal
291,Rohit Yadav,Bike,Visakhapatnam
292,Kamlesh Joshi,Scooter,Chandigarh
293,Abhishek Malhotra,E-Bike,Visakhapatnam
294,Ramesh Gupta,Bike,Kanpur
295,Yogesh Chatterjee,Bike,Bhopal
296,Ashok Saxena,Scooter,Delhi
297,Karan Pandey,Bike,Lucknow
298,Abhishek Saxena,Bike,Surat
299,Santosh Pandey,Bike,Mumbai
300,Nikhil Pandey,E-Scooter,Visakhapatnam
301,Varun Shah,Bike,Kanpur
302,Mohan Nair,Bike,Chandigarh
303,Pradeep Malhotra,Bike,Surat
304,Pritam Patel,Scooter,Chandigarh
305,Mukesh Chatterjee,Bike,Chennai
306,Ramesh Dubey,Scooter,Ahmedabad
307,Varun Das,E-Bike,Chennai
308,Ajay Mishra,Cycle,Delhi
309,Karan Chatterjee,E-Scooter,Bhopal
310,Manish Srivastava,Scooter,Kolkata
311,Karan Mukherjee,Cycle,Kanpur
312,Ajay Banerjee,E-Scooter,Kochi
313,Manoj Chatterjee,Bike,Mumbai
314,Mahesh Shah,Bike,Delhi
315,Ajay Pillai,Scooter,Kochi
316,Tarun Das,Cycle,Delhi
317,Rakesh Pathak,Scooter,Indore
318,Ashok Chatterjee,E-Bike,Bangalore
319,Vikram Shah,Scooter,Delhi
320,Suresh Raj,Bike,Kanpur
321,Dinesh Gupta,Scooter,Coimbatore
322,Vishal Sinha,Scooter,Kochi
323,Deepak Patel,Bike,Visakhapatnam
324,Arun Pandey,Bike,Pune
325,Lalit Tiwari,Scooter,Mumbai
326,Tarun Reddy,Scooter,Ahmedabad
327,Ravi Raj,Scooter,Coimbatore
328,Arjun Dwivedi,Scooter,Surat
329,Rahul Dubey,E-Bike,Delhi
330,Pawan Shukla,Bike,Chennai
331,Pawan Gupta,Bike,Coimbatore
332,Tarun Rana,Bike,Hyderabad
333,Harish Chaturvedi,Scooter,Indore
334,Mohan Chauhan,Scooter,Mumbai
335,Dinesh Raj,E-Scooter,Visakhapatnam
336,Lalit Shukla,Bike,Indore
337,Vijay Mehta,Bike,Kolkata
338,Ajay Shah,Scooter,Kolkata
339,Naresh Nair,Cycle,Ahmedabad
340,Karan Tripathi,Scooter,Surat
341,Ajay Iyer,Scooter,Hyderabad
342,Ravi Dubey,Bike,Pune
343,Sumit Rana,E-Scooter,Lucknow
344,Nikhil Banerjee,Bike,Pune
345,Santosh Shukla,Scooter,Surat
346,Sachin Kumar,E-Bike,Indore
347,Kapil Shah,Scooter,Jaipur
348,Sahil Mukherjee,Scooter,Mumbai
349,Prakash Dubey,Bike,Patna
350,Sanjay Gupta,Scooter,Chennai
351,Ganesh Tiwari,Cycle,Patna
352,Ankit Pandey,Scooter,Delhi
353,Sachin Sharma,Cycle,Mumbai
354,Brijesh Chatterjee,Bike,Coimbatore
355,Tarun Sharma,E-Bike,Nagpur
356,Rajesh Joshi,Bike,Kolkata
357,Ankit Singh,E-Scooter,Mumbai
358,Vivek Iyer,Scooter,Bangalore
359,Rajesh Patel,Bike,Lucknow
360,Suresh Ghosh,Bike,Jaipur
361,Pawan Chatterjee,E-Bike,Chandigarh
362,Sumit Yadav,Cycle,Patna
363,Yogesh Srivastava,Cycle,Kanpur
364,Pritam Raj,Scooter,Hyderabad
365,Lalit Verma,Scooter,Jaipur
366,Ravi Srivastava,Bike,Delhi
367,Ravi Ghosh,Scooter,Visakhapatnam
368,Sachin Chauhan,E-Scooter,Kochi
369,Ganesh Saxena,Bike,Chennai
370,Rakesh Patel,E-Scooter,Pune
371,Vikram Dubey,Bike,Mumbai
372,Vikram Tripathi,Cycle,Lucknow
373,Ganesh Gupta,Scooter,Nagpur
374,Sumit Verma,Scooter,Patna
375,Umesh Patel,Bike,Indore
376,Girish Saxena,Bike,Pune
377,Kamlesh Pandey,Scooter,Chandigarh
378,Arjun Singh,Bike,Lucknow
379,Harish Tiwari,E-Bike,Bhopal
380,Tarun Tripathi,Cycle,Chennai
381,Brijesh Shah,Bike,Bhopal
382,Ashok Rana,Bike,Chandigarh
383,Manoj Tiwari,E-Scooter,Lucknow
384,Shyam Srivastava,Bike,Pune
385,Mukesh Rana,Bike,Kolkata
386,Arun Gupta,Bike,Bangalore
387,Manoj Pillai,Cycle,Indore
388,Pradeep Rana,Bike,Kolkata
389,Pradeep Patel,E-Bike,Bhopal
390,Ramesh Roy,Scooter,Surat
391,Karan Iyer,Scooter,Bangalore
392,Ajay Chaturvedi,Cycle,Patna
393,Sumit Joshi,E-Bike,Indore
394,Sachin Upadhyay,Scooter,Indore
395,Vishal Dwivedi,E-Bike,Chennai
396,Arjun Mishra,Scooter,Lucknow
397,Ajay Gupta,E-Bike,Pune
398,Ajay Roy,Scooter,Patna
399,Mohan Sinha,Scooter,Chennai
400,Arjun Das,Cycle,Nagpur
401,Vikram Gupta,Bike,Coimbatore
402,Sahil Dubey,Cycle,Hyderabad
403,Harish Ghosh,Bike,Kochi
404,Kamlesh Shukla,Bike,Visakhapatnam
405,Ashok Yadav,Scooter,Kanpur
406,Harish Bose,Scooter,Bhopal
407,Sahil Chauhan,Bike,Kolkata
408,Kapil Pathak,Bike,Delhi
409,Ajay Reddy,Bike,Delhi
410,Lokesh Sinha,Scooter,Kanpur
411,Brijesh Nair,Bike,Jaipur
412,Sumit Mukherjee,E-Scooter,Surat
413,Vishal Mukherjee,Scooter,Chennai
414,Deepak Sharma,E-Bike,Hyderabad
415,Manoj Ghosh,Scooter,Indore
416,Kamlesh Iyer,Cycle,Bangalore
417,Abhishek Chopra,Bike,Pune
418,Pradeep Banerjee,Scooter,Indore
419,Varun Chauhan,Scooter,Ahmedabad
420,Ganesh Joshi,Scooter,Lucknow
421,Pritam Kapoor,Scooter,Mumbai
422,Tarun Chatterjee,Bike,Jaipur
423,Santosh Raj,Bike,Kochi
424,Karan Dwivedi,Bike,Patna
425,Sahil Sharma,Scooter,Ahmedabad
426,Shyam Gupta,Scooter,Pune
427,Rohit Mehta,Bike,Bangalore
428,Girish Dubey,Scooter,Chandigarh
429,Vijay Tripathi,Cycle,Jaipur
430,Nikhil Kapoor,Scooter,Surat
431,Tarun Mishra,Scooter,Ahmedabad
432,Lokesh Shah,E-Bike,Visakhapatnam
433,Pawan Chopra,Scooter,Bangalore
434,Sachin Kapoor,Bike,Chennai
435,Girish Chaturvedi,E-Bike,Patna
436,Arun Das,Scooter,Kochi
437,Vikram Iyer,E-Bike,Kanpur
438,Varun Sharma,Bike,Kanpur
439,Karan Yadav,Bike,Delhi
440,Varun Bose,E-Bike,Kolkata
441,Vikram Tiwari,Bike,Indore
442,Naresh Gupta,E-Bike,Kanpur
443,Naresh Chopra,Cycle,Coimbatore
444,Abhishek Patel,Bike,Lucknow
445,Manish Raj,E-Bike,Jaipur
446,Ganesh Kapoor,Scooter,Surat
447,Pradeep Saxena,Bike,Hyderabad
448,Arjun Kapoor,Cycle,Lucknow
449,Deepak Dwivedi,E-Scooter,Mumbai
450,Kapil Tripathi,E-Bike,Coimbatore
451,Ramesh Pillai,Bike,Delhi
452,Ashok Shukla,Scooter,Chandigarh
453,Manoj Chaturvedi,E-Bike,Mumbai
454,Sahil Singh,Scooter,Bhopal
455,Karan Chauhan,Bike,Chennai
456,Ankit Sinha,Cycle,Patna
457,Umesh Pandey,Cycle,Coimbatore
458,Lalit Nair,E-Bike,Chennai
459,Lokesh Singh,Bike,Indore
460,Prakash Dwivedi,E-Scooter,Delhi
461,Vikram Upadhyay,Scooter,Kolkata
462,Abhishek Sinha,Scooter,Nagpur
463,Mahesh Sharma,Bike,Nagpur
464,Shyam Dwivedi,E-Scooter,Bangalore
465,Pritam Sinha,Scooter,Mumbai
466,Arjun Chopra,Bike,Bangalore
467,Karan Kumar,Scooter,Patna
468,Varun Mishra,E-Scooter,Mumbai
469,Sahil Mishra,Bike,Patna
470,Pradeep Upadhyay,Bike,Chennai
471,Abhishek Tiwari,Cycle,Mumbai
472,Rakesh Tripathi,Cycle,Bhopal
473,Tarun Nair,E-Bike,Delhi
474,Lalit Singh,Bike,Patna
475,Arjun Pathak,Bike,Jaipur
476,Dinesh Chaturvedi,Bike,Visakhapatnam
477,Prakash Mehta,Scooter,Chennai
478,Manoj Mishra,Bike,Chennai
479,Karan Sinha,Scooter,Bhopal
480,Naresh Iyer,Bike,Chandigarh
481,Arjun Chaturvedi,Bike,Chandigarh
482,Kapil Kumar,E-Bike,Chandigarh
483,Dinesh Dwivedi,Scooter,Pune
484,Santosh Banerjee,Scooter,Chandigarh
485,Abhishek Shah,E-Bike,Jaipur
486,Mukesh Nair,Bike,Chennai
487,Brijesh Singh,Bike,Bangalore
488,Prakash Tiwari,Bike,Coimbatore
489,Varun Kapoor,Bike,Mumbai
490,Girish Tripathi,Scooter,Nagpur
491,Nikhil Shah,Bike,Delhi
492,Varun Mukherjee,Scooter,Hyderabad
493,Ajay Dwivedi,Cycle,Nagpur
494,Vijay Shukla,E-Bike,Mumbai
495,Ajay Srivastava,Bike,Surat
496,Nikhil Patel,Bike,Chennai
497,Sachin Iyer,Bike,Kochi
498,Ganesh Mukherjee,Cycle,Bangalore
499,Rahul Singh,E-Scooter,Visakhapatnam
500,Umesh Malhotra,Cycle,Bangalore
501,Mukesh Chaturvedi,Bike,Ahmedabad
502,Suresh Gupta,Bike,Kochi
503,Vikram Dwivedi,Scooter,Ahmedabad
504,Abhishek Reddy,Scooter,Bhopal
505,Abhishek Dwivedi,E-Bike,Bangalore
506,Ajay Singh,Bike,Chennai
507,Ankit Tripathi,Bike,Bhopal
508,Vikram Sharma,E-Bike,Nagpur
509,Sanjay Verma,Bike,Kochi
510,Vishal Verma,E-Scooter,Surat
511,Ramesh Chauhan,Scooter,Chennai
512,Umesh Joshi,E-Scooter,Pune
513,Rohit Singh,E-Scooter,Kanpur
514,Pawan Tripathi,E-Bike,Delhi
515,Ajay Saxena,Cycle,Visakhapatnam
516,Manoj Das,Cycle,Hyderabad
517,Varun Pillai,Scooter,Bhopal
518,Vivek Gupta,Scooter,Kanpur
519,Sanjay Chatterjee,Scooter,Chennai
520,Mahesh Joshi,E-Bike,Patna
521,Kamlesh Rana,Cycle,Chennai
522,Vishal Sharma,E-Scooter,Kanpur
523,Sumit Pandey,Cycle,Kolkata
524,Santosh Yadav,Scooter,Bhopal
525,Naresh Das,E-Bike,Visakhapatnam
526,Manoj Bose,Bike,Delhi
527,Manish Tiwari,Scooter,Bangalore
528,Lokesh Joshi,Bike,Ahmedabad
529,Prakash Iyer,Bike,Chennai
530,Ajay Kapoor,Bike,Bhopal
531,Pritam Mishra,Bike,Surat
532,Pawan Patel,Scooter,Jaipur
533,Sanjay Nair,Cycle,Kanpur
534,Rahul Joshi,Bike,Jaipur
535,Lokesh Dubey,Bike,Jaipur
536,Manoj Yadav,Scooter,Surat
537,Naresh Saxena,Bike,Patna
538,Harish Iyer,Bike,Indore
539,Sahil Reddy,Scooter,Bangalore
540,Rohit Srivastava,Cycle,Chennai
541,Nikhil Chaturvedi,Bike,Mumbai
542,Shyam Kapoor,Cycle,Chennai
543,Sahil Pandey,Scooter,Hyderabad
544,Brijesh Pillai,Bike,Mumbai
545,Karan Kapoor,Bike,Indore
546,Vivek Chopra,Bike,Ahmedabad
547,Rahul Chauhan,Scooter,Kanpur
548,Ankit Dubey,Cycle,Kochi
549,Shyam Kumar,Bike,Bhopal
550,Harish Sharma,Bike,Pune
551,Mukesh Banerjee,Scooter,Delhi
552,Rakesh Gupta,E-Scooter,Visakhapatnam
553,Girish Pandey,Bike,Mumbai
554,Vishal Pathak,Bike,Kolkata
555,Dinesh Nair,Scooter,Patna
556,Sachin Rana,Bike,Chandigarh
557,Karan Upadhyay,Scooter,Pune
558,Sachin Mehta,Bike,Kolkata
559,Lalit Chauhan,Bike,Kolkata
560,Kamlesh Kapoor,Scooter,Ahmedabad
561,Sanjay Mishra,Bike,Bangalore
562,Girish Dwivedi,Bike,Pune
563,Manoj Upadhyay,Scooter,Nagpur
564,Arun Yadav,E-Scooter,Nagpur
565,Sachin Sinha,Scooter,Chandigarh
566,Harish Singh,Bike,Delhi
567,Abhishek Chatterjee,Bike,Pune
568,Naresh Roy,E-Bike,Kochi
569,Mukesh Mukherjee,E-Bike,Delhi
570,Mukesh Srivastava,Bike,Kanpur
571,Rahul Roy,Scooter,Patna
572,Harish Chauhan,Bike,Indore
573,Nikhil Saxena,Scooter,Pune
574,Deepak Sinha,E-Scooter,Bhopal
575,Karan Singh,E-Bike,Delhi
576,Ankit Pathak,Bike,Chandigarh
577,Pradeep Shukla,E-Bike,Delhi
578,Mohan Gupta,Bike,Surat
579,Ravi Roy,Bike,Delhi
580,Rakesh Mishra,Bike,Chennai
581,Sanjay Raj,Scooter,Surat
582,Pradeep Verma,Scooter,Coimbatore
583,Manoj Mehta,Bike,Bangalore
584,Pradeep Joshi,Cycle,Coimbatore
585,Rakesh Malhotra,Scooter,Kochi
586,Vishal Banerjee,Bike,Kanpur
587,Kamlesh Tripathi,Bike,Visakhapatnam
588,Pritam Pillai,Bike,Lucknow
589,Vishal Rana,Scooter,Nagpur
590,Brijesh Mukherjee,Bike,Kanpur
591,Arun Joshi,Bike,Lucknow
592,Rakesh Raj,Cycle,Chennai
593,Manish Sharma,Scooter,Kanpur
594,Mahesh Raj,Scooter,Bhopal
595,Harish Shah,E-Scooter,Bangalore
596,Lokesh Bose,Scooter,Bangalore
597,Varun Rana,Scooter,Ahmedabad
598,Harish Gupta,Cycle,Visakhapatnam
599,Ravi Sinha,Cycle,Kochi
600,Ramesh Upadhyay,Bike,Ahmedabad
601,Mohan Chaturvedi,Bike,Bhopal
602,Sachin Malhotra,Bike,Kanpur
603,Rakesh Ghosh,Bike,Coimbatore
604,Shyam Banerjee,Scooter,Patna
605,Sumit Kapoor,Bike,Jaipur
606,Rohit Shukla,Bike,Bangalore
607,Yogesh Upadhyay,Bike,Pune
608,Vijay Bose,Bike,Chandigarh
609,Rahul Das,Bike,Indore
610,Ravi Yadav,Bike,Kochi
611,Vikram Pillai,E-Scooter,Jaipur
612,Girish Pathak,E-Scooter,Surat
613,Harish Roy,Bike,Kanpur
614,Varun Ghosh,Scooter,Patna
615,Rajesh Sinha,Bike,Nagpur
616,Arjun Tripathi,E-Scooter,Bangalore
617,Nikhil Sinha,Scooter,Bhopal
618,Abhishek Pathak,E-Bike,Kochi
619,Arun Chatterjee,Bike,Mumbai
620,Dinesh Saxena,Bike,Jaipur
621,Sachin Bose,E-Bike,Surat
622,Ashok Patel,Scooter,Hyderabad
623,Lokesh Chauhan,Bike,Kochi
624,Ganesh Upadhyay,E-Scooter,Delhi
625,Ravi Kumar,Bike,Coimbatore
626,Brijesh Kumar,Scooter,Hyderabad
627,Rohit Kapoor,Cycle,Kochi
628,Ashok Tiwari,Scooter,Indore
629,Shyam Mishra,Bike,Surat
630,Vivek Saxena,Bike,Kolkata
631,Amit Dubey,E-Scooter,Visakhapatnam
632,Kamlesh Pathak,Scooter,Delhi
633,Arjun Kumar,Scooter,Kochi
634,Lalit Joshi,Bike,Chennai
635,Ankit Reddy,Scooter,Kochi
636,Amit Ghosh,Bike,Chandigarh
637,Pawan Shah,E-Bike,Kochi
638,Mohan Joshi,Bike,Delhi
639,Arun Dwivedi,E-Bike,Lucknow
640,Ravi Malhotra,Bike,Chandigarh
641,Varun Banerjee,Scooter,Kochi
642,Dinesh Mukherjee,E-Bike,Visakhapatnam
643,Suresh Joshi,Bike,Chennai
644,Ganesh Banerjee,Bike,Jaipur
645,Ramesh Tripathi,Bike,Lucknow
646,Girish Banerjee,Bike,Mumbai
647,Sanjay Roy,E-Bike,Kanpur
648,Yogesh Singh,Bike,Patna
649,Naresh Tiwari,Bike,Bangalore
650,Vijay Rana,Bike,Bangalore
651,Manish Mehta,Scooter,Pune
652,Ganesh Patel,Cycle,Nagpur
653,Sahil Pillai,E-Scooter,Surat
654,Sahil Shah,E-Bike,Bangalore
655,Shyam Mehta,Scooter,Kanpur
656,Girish Joshi,Scooter,Surat
657,Vivek Mishra,Scooter,Mumbai
658,Girish Reddy,Cycle,Nagpur
659,Suresh Upadhyay,Bike,Patna
660,Tarun Gupta,Bike,Kanpur
661,Ashok Pillai,Bike,Jaipur
662,Rakesh Pandey,E-Bike,Nagpur
663,Ramesh Malhotra,Cycle,Bangalore
664,Pradeep Chauhan,Bike,Kanpur
665,Tarun Malhotra,Bike,Nagpur
666,Rohit Iyer,Bike,Chandigarh
667,Ramesh Singh,Scooter,Indore
668,Manoj Banerjee,Cycle,Coimbatore
669,Dinesh Chauhan,Scooter,Pune
670,Prakash Kapoor,Cycle,Ahmedabad
671,Ganesh Kumar,Bike,Jaipur
672,Ankit Dwivedi,Scooter,Delhi
673,Rahul Mishra,Bike,Lucknow
674,Lokesh Mukherjee,E-Scooter,Chandigarh
675,Vishal Reddy,Scooter,Kanpur
676,Yogesh Mehta,E-Scooter,Surat
677,Sumit Mehta,Scooter,Hyderabad
678,Abhishek Pandey,Scooter,Hyderabad
679,Ajay Chauhan,Scooter,Pune
680,Girish Nair,Bike,Delhi
681,Arun Ghosh,Bike,Mumbai
682,Deepak Pandey,Scooter,Visakhapatnam
683,Tarun Chopra,Bike,Pune
684,Ravi Saxena,Scooter,Bangalore
685,Arjun Ghosh,Scooter,Bangalore
686,Brijesh Upadhyay,Bike,Kolkata
687,Vivek Dubey,Scooter,Bangalore
688,Shyam Malhotra,E-Bike,Nagpur
689,Ravi Chatterjee,Scooter,Delhi
690,Dinesh Rana,Bike,Jaipur
691,Mahesh Mishra,Bike,Bhopal
692,Kamlesh Upadhyay,Bike,Chennai
693,Sumit Upadhyay,Bike,Visakhapatnam
694,Yogesh Kapoor,Bike,Coimbatore
695,Mukesh Kumar,Bike,Mumbai
696,Karan Pathak,E-Scooter,Ahmedabad
697,Vijay Pandey,Cycle,Patna
698,Abhishek Mukherjee,E-Bike,Jaipur
699,Umesh Chauhan,E-Scooter,Surat
700,Varun Dubey,Bike,Jaipur
701,Sumit Pathak,Bike,Chennai
702,Mukesh Shah,Bike,Coimbatore
703,Umesh Nair,Bike,Delhi
704,Rajesh Upadhyay,E-Bike,Nagpur
705,Vikram Roy,Scooter,Chennai
706,Brijesh Verma,Bike,Pune
707,Mahesh Mukherjee,Bike,Delhi
708,Mahesh Chopra,Bike,Kanpur
709,Ravi Singh,E-Bike,Surat
710,Yogesh Tiwari,Bike,Delhi
711,Ashok Sinha,E-Bike,Mumbai
712,Tarun Chauhan,E-Bike,Chennai
713,Santosh Iyer,Bike,Kochi
714,Prakash Rana,Scooter,Coimbatore
715,Kamlesh Roy,E-Scooter,Bangalore
716,Ramesh Chaturvedi,Scooter,Delhi
717,Kapil Bose,Scooter,Jaipur
718,Prakash Upadhyay,Scooter,Kanpur
719,Pritam Pandey,Bike,Lucknow
720,Harish Yadav,E-Bike,Pune
721,Varun Mehta,Scooter,Bangalore
722,Tarun Dwivedi,Bike,Kochi
723,Lokesh Chatterjee,Scooter,Kochi
724,Vishal Chauhan,E-Scooter,Hyderabad
725,Manish Mishra,Bike,Ahmedabad
726,Lalit Kapoor,Bike,Bhopal
727,Vishal Shukla,Scooter,Kolkata
728,Vijay Sinha,Scooter,Bhopal
729,Manish Saxena,Cycle,Kolkata
730,Karan Saxena,Bike,Nagpur
731,Nikhil Upadhyay,Scooter,Mumbai
732,Deepak Chatterjee,Cycle,Delhi
733,Sahil Malhotra,Bike,Bangalore
734,Mohan Rana,Scooter,Kanpur
735,Sumit Bose,E-Bike,Patna
736,Rahul Chatterjee,Scooter,Surat
737,Ganesh Tripathi,Bike,Chandigarh
738,Sanjay Singh,E-Scooter,Pune
739,Ajay Ghosh,Bike,Bhopal
740,Suresh Kapoor,Bike,Ahmedabad
741,Rohit Tiwari,Scooter,Jaipur
742,Manoj Dwivedi,E-Bike,Coimbatore
743,Sachin Reddy,E-Scooter,Patna
744,Suresh Bose,E-Scooter,Visakhapatnam
745,Amit Chauhan,Scooter,Chandigarh
746,Ramesh Chopra,E-Scooter,Bhopal
747,Ramesh Shah,E-Bike,Chandigarh
748,Harish Patel,Bike,Bangalore
749,Brijesh Pathak,Bike,Chennai
750,Naresh Upadhyay,Scooter,Kanpur
751,Naresh Dwivedi,Scooter,Pune
752,Kamlesh Chaturvedi,Bike,Bangalore
753,Kapil Tiwari,Bike,Ahmedabad
754,Amit Saxena,E-Scooter,Kanpur
755,Manish Gupta,E-Bike,Indore
756,Karan Gupta,Bike,Jaipur
757,Dinesh Bose,Cycle,Surat
758,Karan Joshi,Bike,Coimbatore
759,Lalit Mukherjee,Bike,Lucknow
760,Pritam Saxena,Bike,Pune
761,Rahul Ghosh,Bike,Hyderabad
762,Abhishek Pillai,E-Scooter,Kochi
763,Amit Tiwari,Bike,Jaipur
764,Manish Bose,Bike,Hyderabad
765,Brijesh Chauhan,Bike,Kanpur
766,Kamlesh Ghosh,E-Scooter,Indore
767,Kapil Sharma,E-Bike,Lucknow
768,Rohit Reddy,E-Bike,Coimbatore
769,Suresh Dubey,Scooter,Pune
770,Lalit Yadav,Bike,Nagpur
771,Mahesh Rana,E-Bike,Jaipur
772,Ashok Gupta,Bike,Delhi
773,Deepak Chaturvedi,Bike,Mumbai
774,Prakash Bose,Cycle,Patna
775,Nikhil Reddy,Scooter,Patna
776,Karan Das,E-Scooter,Hyderabad
777,Mukesh Das,E-Bike,Patna
778,Ramesh Pathak,Scooter,Lucknow
779,Rohit Raj,E-Bike,Delhi
780,Naresh Kapoor,E-Scooter,Nagpur
781,Ajay Malhotra,E-Bike,Patna
782,Mukesh Upadhyay,Scooter,Lucknow
783,Mohan Bose,Bike,Patna
784,Manoj Patel,Bike,Mumbai
785,Ganesh Chatterjee,Scooter,Coimbatore
786,Varun Dwivedi,E-Bike,Bangalore
787,Ajay Chopra,Cycle,Jaipur
788,Lalit Malhotra,Scooter,Kanpur
789,Harish Srivastava,E-Scooter,Bangalore
790,Ajay Kumar,Scooter,Kolkata
791,Arjun Chatterjee,Bike,Pune
792,Ramesh Verma,E-Scooter,Chandigarh
793,Deepak Mishra,Bike,Surat
794,Sahil Tripathi,Cycle,Ahmedabad
795,Shyam Chatterjee,Cycle,Chennai
796,Sumit Dubey,Scooter,Kanpur
797,Abhishek Joshi,Scooter,Visakhapatnam
798,Santosh Malhotra,Bike,Patna
799,Prakash Banerjee,Scooter,Nagpur
800,Tarun Shah,Bike,Patna
801,Rahul Shah,Bike,Lucknow
802,Vivek Roy,Scooter,Jaipur
803,Vikram Patel,E-Scooter,Chennai
804,Pritam Reddy,E-Scooter,Bangalore
805,Dinesh Iyer,Bike,Patna
806,Vikram Joshi,Bike,Chandigarh
807,Sahil Dwivedi,Bike,Hyderabad
808,Sumit Chatterjee,Bike,Bhopal
809,Rohit Roy,E-Bike,Jaipur
810,Varun Yadav,E-Bike,Bangalore
811,Ashok Ghosh,Bike,Chennai
812,Naresh Mukherjee,E-Bike,Delhi
813,Brijesh Joshi,Bike,Patna
814,Ashok Chaturvedi,Bike,Indore
815,Sachin Gupta,Cycle,Delhi
816,Mukesh Sharma,E-Bike,Kolkata
817,Ravi Chauhan,Bike,Coimbatore
818,Ashok Mishra,Scooter,Visakhapatnam
819,Ravi Nair,Bike,Delhi
820,Manish Chatterjee,Bike,Lucknow
821,Sachin Singh,Scooter,Coimbatore
822,Sumit Reddy,Bike,Lucknow
823,Girish Sinha,Bike,Bangalore
824,Lokesh Tiwari,E-Bike,Patna
825,Rahul Chaturvedi,Scooter,Ahmedabad
826,Sachin Pathak,Cycle,Pune
827,Nikhil Mishra,Bike,Chandigarh
828,Ankit Raj,Scooter,Coimbatore
829,Mukesh Mehta,Scooter,Lucknow
830,Sumit Chopra,Scooter,Kochi
831,Ganesh Sharma,Bike,Surat
832,Pradeep Pathak,Scooter,Lucknow
833,Pritam Upadhyay,Bike,Bangalore
834,Amit Srivastava,Bike,Hyderabad
835,Harish Dubey,E-Bike,Pune
836,Manoj Malhotra,Bike,Delhi
837,Umesh Roy,Bike,Bangalore
838,Santosh Gupta,Bike,Surat
839,Harish Pillai,Scooter,Mumbai
840,Pradeep Mukherjee,Bike,Bhopal
841,Kapil Chauhan,Cycle,Bangalore
842,Umesh Kapoor,Scooter,Pune
843,Mohan Chatterjee,Scooter,Nagpur
844,Ajay Yadav,Scooter,Patna
845,Prakash Nair,Bike,Chennai
846,Dinesh Shukla,Bike,Lucknow
847,Ajay Mehta,Bike,Visakhapatnam
848,Deepak Roy,E-Scooter,Jaipur
849,Ankit Mehta,Bike,Delhi
850,Lalit Iyer,E-Scooter,Indore
851,Brijesh Pandey,E-Scooter,Hyderabad
852,Lalit Dwivedi,Bike,Hyderabad
853,Naresh Sharma,Bike,Bhopal
854,Santosh Mukherjee,Scooter,Visakhapatnam
855,Arjun Yadav,Bike,Kochi
856,Kamlesh Malhotra,Cycle,Indore
857,Lokesh Chopra,Bike,Mumbai
858,Ashok Kumar,Scooter,Hyderabad
859,Ramesh Shukla,Bike,Jaipur
860,Prakash Kumar,Bike,Mumbai
861,Vivek Patel,Scooter,Delhi
862,Lalit Bose,Scooter,Delhi
863,Manish Sinha,E-Bike,Bangalore
864,Harish Nair,Bike,Nagpur
865,Manish Mukherjee,Scooter,Indore
866,Varun Raj,Bike,Pune
867,Santosh Roy,E-Bike,Ahmedabad
868,Deepak Raj,Bike,Kanpur
869,Tarun Raj,Cycle,Patna
870,Girish Sharma,Scooter,Kochi
871,Mukesh Singh,Bike,Bhopal
872,Rakesh Rana,Cycle,Kochi
873,Mohan Malhotra,Scooter,Bhopal
874,Sahil Patel,Bike,Indore
875,Karan Mishra,Bike,Mumbai
876,Rohit Kumar,E-Scooter,Coimbatore
877,Varun Iyer,E-Bike,Coimbatore
878,Arun Tiwari,Cycle,Hyderabad
879,Kamlesh Gupta,Bike,Mumbai
880,Vishal Nair,Cycle,Bhopal
881,Varun Roy,Bike,Delhi
882,Sachin Pandey,Bike,Bhopal
883,Rakesh Shah,E-Bike,Lucknow
884,Lalit Tripathi,Cycle,Jaipur
885,Ajay Das,Scooter,Hyderabad
886,Manoj Shah,Bike,Delhi
887,Manoj Iyer,Bike,Coimbatore
888,Sachin Verma,Bike,Bangalore
889,Ganesh Mishra,Scooter,Hyderabad
890,Arjun Srivastava,Scooter,Jaipur
891,Vikram Ghosh,Bike,Visakhapatnam
892,Brijesh Shukla,Cycle,Hyderabad
893,Deepak Chopra,Bike,Pune
894,Nikhil Tiwari,Scooter,Delhi
895,Rohit Bose,Bike,Visakhapatnam
896,Rahul Bose,Cycle,Chennai
897,Sanjay Pillai,E-Bike,Coimbatore
898,Sumit Tripathi,Bike,Chennai
899,Shyam Mukherjee,Scooter,Delhi
900,Brijesh Gupta,Scooter,Bangalore
901,Lokesh Upadhyay,E-Bike,Mumbai
902,Umesh Dubey,Bike,Mumbai
903,Naresh Kumar,E-Bike,Visakhapatnam
904,Sanjay Tiwari,Scooter,Coimbatore
905,Girish Mishra,Bike,Pune
906,Arun Upadhyay,Scooter,Surat
907,Nikhil Iyer,Scooter,Hyderabad
908,Kapil Shukla,Scooter,Kolkata
909,Ravi Gupta,E-Scooter,Visakhapatnam
910,Manoj Nair,E-Scooter,Indore
911,Harish Mishra,Bike,Kolkata
912,Vijay Dwivedi,Bike,Pune
913,Lalit Raj,E-Bike,Mumbai
914,Rajesh Singh,Bike,Chennai
915,Vijay Malhotra,Scooter,Chennai
916,Ankit Verma,Cycle,Bangalore
917,Kapil Saxena,Scooter,Bangalore
918,Ganesh Pandey,Bike,Pune
919,Lalit Sharma,E-Scooter,Visakhapatnam
920,Nikhil Raj,E-Bike,Indore
921,Vijay Ghosh,Scooter,Visakhapatnam
922,Sachin Pillai,E-Bike,Bhopal
923,Santosh Saxena,Bike,Kochi
924,Amit Nair,Cycle,Pune
925,Brijesh Malhotra,Scooter,Visakhapatnam
926,Karan Bose,E-Bike,Nagpur
927,Arjun Bose,Scooter,Indore
928,Dinesh Kumar,Bike,Chandigarh
929,Suresh Mishra,E-Bike,Visakhapatnam
930,Shyam Pillai,Scooter,Lucknow
931,Girish Patel,Bike,Nagpur
932,Ankit Iyer,Bike,Ahmedabad
933,Santosh Chauhan,Bike,Lucknow
934,Arun Shah,Bike,Chandigarh
935,Vikram Das,E-Scooter,Surat
936,Shyam Rana,E-Bike,Chennai
937,Ramesh Srivastava,Bike,Chennai
938,Sumit Ghosh,Scooter,Coimbatore
939,Tarun Banerjee,Bike,Ahmedabad
940,Tarun Sinha,Bike,Chandigarh
941,Pradeep Iyer,Bike,Nagpur
942,Harish Raj,E-Bike,Visakhapatnam
943,Vikram Chatterjee,Scooter,Patna
944,Pawan Mishra,Scooter,Bhopal
945,Ankit Das,Scooter,Patna
946,Pradeep Tiwari,Bike,Kochi
947,Ashok Singh,E-Scooter,Chennai
948,Sumit Dwivedi,Scooter,Ahmedabad
949,Rakesh Shukla,Bike,Coimbatore
950,Lokesh Verma,E-Bike,Nagpur
951,Mukesh Dubey,E-Bike,Visakhapatnam
952,Pawan Dubey,Bike,Surat
953,Arun Pillai,E-Bike,Kochi
954,Dinesh Banerjee,Cycle,Kanpur
955,Pritam Rana,Scooter,Bhopal
956,Varun Nair,Bike,Lucknow
957,Santosh Chopra,Bike,Hyderabad
958,Mohan Mehta,Scooter,Indore
959,Karan Dubey,Cycle,Lucknow
960,Ankit Tiwari,Bike,Coimbatore
961,Vivek Sharma,Bike,Kanpur
962,Ankit Shukla,E-Bike,Kochi
963,Dinesh Ghosh,Scooter,Kanpur
964,Amit Tripathi,Bike,Chandigarh
965,Varun Sinha,E-Bike,Kolkata
966,Dinesh Dubey,Scooter,Kolkata
967,Ramesh Bose,Bike,Visakhapatnam
968,Girish Srivastava,Scooter,Jaipur
969,Lokesh Sharma,Scooter,Kochi
970,Tarun Joshi,Scooter,Nagpur
971,Sahil Upadhyay,Cycle,Bangalore
972,Rakesh Singh,Cycle,Nagpur
973,Arjun Banerjee,Scooter,Ahmedabad
974,Abhishek Chaturvedi,Scooter,Surat
975,Pradeep Chaturvedi,Bike,Pune
976,Umesh Upadhyay,E-Scooter,Mumbai
977,Umesh Yadav,Scooter,Mumbai
978,Sanjay Das,Bike,Bhopal
979,Ashok Raj,E-Scooter,Kochi
980,Manish Chaturvedi,E-Bike,Delhi
981,Girish Malhotra,Bike,Pune
982,Rakesh Bose,E-Scooter,Surat
983,Prakash Shah,Bike,Hyderabad
984,Rakesh Upadhyay,Scooter,Patna
985,Suresh Saxena,Bike,Kanpur
986,Amit Reddy,Cycle,Kochi
987,Sanjay Mukherjee,Bike,Kochi
988,Umesh Shukla,Bike,Ahmedabad
989,Amit Chopra,Scooter,Indore
990,Naresh Pathak,Bike,Nagpur
991,Arun Iyer,Cycle,Mumbai
992,Sumit Srivastava,Bike,Hyderabad
993,Lalit Rana,Cycle,Hyderabad
994,Manish Iyer,Cycle,Patna
995,Kapil Yadav,Bike,Hyderabad
996,Lokesh Kumar,E-Bike,Coimbatore
997,Ajay Tripathi,Bike,Chennai
998,Prakash Das,E-Scooter,Jaipur
999,Sumit Chauhan,Scooter,Indore
1000,Vikram Verma,E-Bike,Lucknow
